model_years,CPU,GPU,Speedup
1,2.502824875,24.002290334,0.10427441882305163
2,0.897589917,0.643715875,1.3943883502950738
5,1.794628041,0.499767833,3.590923469858453
10,3.564905,1.260694625,2.8277307837336103
20,6.822590917,1.706506083,3.9979880440894977
50,17.044332,4.202961541,4.055314766440781
100,33.63819925,8.132633208,4.13620021826515
200,67.351572667,16.32092525,4.126700639536352
