model_years,CPU,GPU,Speedup
1,0.484598542,0.212780042,2.2774623853114946
2,0.805119917,0.273787458,2.940674941362727
5,1.807433583,0.509562166,3.5470325381260737
10,3.506902875,0.882612167,3.97332260546551
20,7.014394792,1.756391584,3.9936394912718964
50,16.955079583,4.117128792,4.1181805184101705
100,34.111782459,7.915621166,4.309425848412311
200,67.35420375,16.291570542,4.134297769288694
